altered intensively!: ID,altered intensively!: Game Name,altered intensively!: Description,altered intensively!: Release Date
altered intensively!: 123,altered intensively!: Game_1,altered intensively!: Description_1,altered intensively!: 01/02/92

altered intensively!: 125,altered intensively!: Game_3,altered intensively!: Description_3,altered intensively!: 03/02/92
altered intensively!: 126,altered intensively!: Game_4,altered intensively!: Description_4,altered intensively!: 04/02/92

altered intensively!: 128,altered intensively!: Game_6,altered intensively!: Description_6,altered intensively!: 06/02/92
altered intensively!: 129,altered intensively!: Game_7,altered intensively!: Description_7,altered intensively!: 07/02/92
altered intensively!: 130,altered intensively!: Game_8,altered intensively!: Description_8,altered intensively!: 08/02/92

altered intensively!: 132,altered intensively!: Game_10,altered intensively!: Description_10,altered intensively!: 10/02/92
altered intensively!: 133,altered intensively!: Game_11,altered intensively!: Description_11,altered intensively!: 11/02/92



altered intensively!: 137,altered intensively!: Game_15,altered intensively!: Description_15,altered intensively!: 15/02/92
altered intensively!: 138,altered intensively!: Game_16,altered intensively!: Description_16,altered intensively!: 16/02/92
altered intensively!: 139,altered intensively!: Game_17,altered intensively!: Description_17,altered intensively!: 17/02/92
altered intensively!: 140,altered intensively!: Game_18,altered intensively!: Description_18,altered intensively!: 18/02/92
altered intensively!: 141,altered intensively!: Game_19,altered intensively!: Description_19,altered intensively!: 19/02/92

